,0,1,2,3,4,5,6,7,8,9,10,11,12,13,14,15,16,17,18,19,20,21,22,23,24,25,26,27,28,29,30,31,32,33,34,35,36,37,38,39,40,41
0,Shallow,24.24242424,23.517444,90.864167,6.72,,-96.0,,,1416.0,29.6,0.3,14.03,614.88,229.4428,9.6192,0.9276,700.4,0.0,85.1169,499.296,0.303891,,,0.0844825,20.57465,2.786645,15.15481,39.62022,0.0534545,302.5143,3645.64,0.714188,12.5134,26.76991662,0.2454205,49.1848,0.0,13.6364,3.727,0.0,3.4724
1,Deep,181.8181818,23.543861,90.839027,6.74,6.56896425,-33.0,-6.915089299799998,0.0,465.0,31.4,1.2,6.51,175.68,37.9805,1.3602,0.2023,0.0,0.2653898,60.3281,8.9017,0.0529508,0.09084828387951807,0.0,0.1040425,28.42261,2.297355,2.92513,14.02576,0.1289995,33.61601,164.7,0.215477,26.2947,56.25225171,0.1604385,79.1081,0.0,0.0,4.2555,0.0,2.7421
2,Deep,242.4242424,23.52825,90.829556,6.73,6.56896425,-19.0,-6.915089299799998,0.0,496.0,31.1,1.5,6.23,204.96,55.9389,3.0727,1.5851,0.0,0.1919567,63.0547,6.3085,0.0327203,0.09084828387951807,0.0,0.0943418,33.62682,2.0164,3.31112,18.16527,0.1039115,33.83049,117.8655,0.73666,29.2443,62.56233099,0.2210855,51.7614,0.0,0.0,3.3989,0.0,0.0
3,Deep,303.030303,23.52561,90.845861,6.72,6.56896425,-25.0,-6.915089299799998,0.0,761.0,32.1,5.3,5.85,175.68,149.4432,3.4314,13.473,0.0,0.0618384,35.3815,16.1238,0.029001,0.09084828387951807,0.0,0.0897042,54.78607,0.0603987,6.21249,26.81251,0.0575501,58.74206,156.798,5.17371,23.5847,50.45474871,0.3765085,43.7514,0.0,1.2759,154.386,0.0,0.0
4,Shallow,84.84848485,23.543278,90.786805,6.72,6.56896425,17.0,-6.915089299799998,0.0,1261.0,31.0,2.4,16.93,263.52,306.539,1.9414,0.3956,0.0,0.0,43.36,5.8024,0.0329363,0.09084828387951807,0.0,0.0801126,113.234,0.1261855,3.84138,36.31868,3.17933,136.1009,38.0107,0.540185,14.1276,30.22317468,0.6761595,69.2219,0.0,1.7589,3.1335,0.0,6.01
5,Deep,212.1212121,23.5278055,90.78244,6.76,6.56896425,16.0,-6.915089299799998,0.0,615.0,31.1,0.1,8.61,234.24,79.4907,1.7868,0.1402,0.0,0.0,53.7453,7.3868,0.0412557,0.09084828387951807,0.0,0.0506746,49.9017,0.45434,3.43932,15.26033,1.301835,57.70376,68.7503,0.510779,17.4373,37.30361589,0.2611835,44.6332,0.0,1.8011,5.0403,0.0,0.0
6,Shallow,12.12121212,23.52477,90.7936945,6.72,6.56896425,-4.0,-6.915089299799998,0.0,1005.0,29.6,0.0,12.23,512.4,117.1282,0.0241,0.0968,0.0,7.5558795,48.8986,97.8522,0.0748464,0.09084828387951807,0.0,0.107049,80.71223,7.971585,11.14129,56.815,0.237294,76.4245,2810.825,0.378553,21.5728,46.15069104,0.411515,46.2821,0.0,0.8717,1.1542,0.0,0.0
7,Shallow,15.15151515,23.51835,90.81829,6.78,6.56896425,-22.0,-6.915089299799998,0.0,652.0,29.2,0.2,7.03,380.64,22.003,1.2977,0.0529,120.7,3.6626369,48.5441,226.4225,0.0621424,0.09084828387951807,0.0,0.0663734,38.71376,5.22287,8.29451,48.43814,0.0914913,20.88066,2380.86,0.401981,18.8238,40.26975534,0.2607955,63.7598,0.0,0.9402,6.9799,0.0,5.7857
8,Shallow,121.2121212,23.52678,90.816944,6.77,6.56896425,-27.0,-6.915089299799998,0.0,628.0,32.1,3.6,3.95,190.32,96.1316,0.5687,0.1283,0.0,0.2035514,35.5905,2.6,0.0255068,0.09084828387951807,0.0,0.1082055,56.41557,1.779695,6.27256,16.35852,0.275167,44.6052,92.2964,0.339429,20.7,44.28351,0.261514,435.776,0.0,0.8296,4.0695,0.0,0.0
9,Shallow,36.36363636,23.53425,90.80952,6.7,6.56896425,-17.0,-6.915089299799998,0.0,927.0,31.1,0.1,8.76,570.96,149.5486,12.4828,0.3432,0.0,0.0,19.9735,289.8865,0.1318875,0.09084828387951807,0.0,0.0621996,68.92377,7.02504,13.22121,79.96988,0.0999165,87.04238,2032.855,0.3063375,15.4052,32.95634436,0.467775,35.5318,0.0,0.5014,1.5049,0.0,2.9501
10,Shallow,21.21212121,23.49713,90.82867,6.85,6.56896425,-55.0,-6.915089299799998,0.0,650.0,29.6,0.0,12.35,395.28,15.2508,4.2876,0.1487,2426.0,4.0413971,24.4053,262.2135,0.267894,0.09084828387951807,0.0,0.0388119,6.101313,0.597388,6.64889,6.457907,0.0165735,144.9117,9149.1,0.457784,15.6902,33.56604486,0.0460076,23.6299,0.0,1.8585,15.3575,0.0,2.5272
11,Deep,212.1212121,23.48402,90.83628,6.86,6.56896425,-29.0,-6.915089299799998,0.0,389.0,33.2,0.4,6.13,204.96,10.1105,3.2915,0.2234,0.0,0.0,43.4988,2.6,0.0289664,0.09084828387951807,0.0,0.0843776,29.56963,1.123585,3.6711,13.10439,0.0737854,26.07921,131.745,0.367637,27.6142,59.07505806,0.155101,55.8647,0.0,0.853,8.1578,0.0,0.0
12,Deep,227.2727273,23.4971389,90.8190278,6.9,6.56896425,-34.0,-6.915089299799998,0.0,490.0,29.5,0.0,4.93,234.24,38.514,2.1127,0.0216,0.0,0.0,25.2934,2.6,0.0332126,0.09084828387951807,0.0,0.100941,32.84646,0.909226,4.53957,15.47789,0.0541097,42.52794,85.6386,0.35812,25.2028,53.91635004,0.1806825,46.2816,0.0,0.8863,2.632,0.0,0.0
13,Shallow,71.21212121,23.461888,90.791611,6.95,6.56896425,-4.0,-6.915089299799998,0.0,2230.0,29.8,0.4,6.25,219.6,866.47,1.363,38.946,1000.0,0.8915036,27.8395,8.3474,0.121368,0.09084828387951807,0.0,0.0562854,89.451,0.7409,8.18276,66.17405,2.20009,543.561,63.4368,14.0352,13.8189,29.56277277,0.5800575,53.3424,0.0,1.6436,7.2083,0.0,3.4938
14,Shallow,24.24242424,23.479667,90.760386,6.81,6.56896425,-30.0,-6.915089299799998,0.0,866.0,29.7,0.1,11.61,424.56,86.6538,3.614,0.1117,724.6,0.0,31.3954,245.167,0.1275675,0.09084828387951807,0.0,0.0761308,28.02493,1.861995,8.37167,32.27179,0.070786,111.6222,3301.625,0.481667,16.7244,35.77850892,0.172734,27.1772,0.0,0.9537,2.1565,0.0,0.0
15,Deep,212.1212121,23.4739167,90.7924167,6.85,6.56896425,-14.0,-6.915089299799998,0.0,453.0,29.6,0.2,6.13,219.6,28.8651,4.2653,0.1479,0.0,0.0,26.4942,2.6,0.0367682,0.09084828387951807,0.0,0.0841851,25.4237,1.43496,4.46511,14.91966,0.0931958,41.5598,267.073,0.394029,24.109,51.5763837,0.149705,70.0518,0.0,0.929,4.6646,0.0,0.0
16,Shallow,69.6969697,23.48025,90.7723056,6.79,6.56896425,-23.0,-6.915089299799998,0.0,1042.0,29.6,0.1,5.4,234.24,255.8616,8.6506,0.5158,0.0,0.0927576,41.7451,2.6,0.0116223,0.09084828387951807,0.0,0.0603568,83.24048,0.2908355,2.38383,27.90911,0.4695415,126.4151,109.241,0.458563,12.4543,26.64348399,0.4172805,43.2503,0.0,1.1366,4.5535,0.0,0.0
17,Deep,227.2727273,23.49518,90.78258,6.82,6.56896425,-19.0,-6.915089299799998,0.0,535.0,29.5,1.1,4.52,204.96,65.5546,7.7574,0.1975,0.0,0.154596,21.316,2.6,0.0372421,0.09084828387951807,0.0,0.0995202,38.08109,2.370945,2.98426,17.85787,0.0773326,39.50702,218.93,0.371281,24.5149,52.44472557,0.1990595,47.7333,0.0,0.6775,1.9266,0.0,0.0
18,Shallow,24.24242424,23.470083,90.7723056,6.86,6.56896425,-37.0,-6.915089299799998,0.0,722.0,29.3,0.0,7.93,439.2,26.2633,0.5389,0.0186,631.9,0.0,31.0006,130.4885,0.088505,0.09084828387951807,0.0,0.0674743,33.24943,1.933915,8.582563,43.12313,0.0719637,45.28407,3055.4,0.629146,18.7732,40.16150676,0.2522515,29.7417,0.0,1.3128,6.4112,0.0,0.0
19,Deep,212.1212121,23.54313,90.72157,6.93,6.56896425,28.0,-6.915089299799998,0.0,839.0,29.6,0.1,5.33,263.52,151.0342,3.0393,0.0167,0.0,0.4779593,22.84,2.6,0.2222185,0.09084828387951807,0.0,0.1488375,51.30325,1.337795,6.65281,21.39381,0.0554557,103.3871,141.755,0.672998,20.4804,43.81371972,0.247334,31.0265,0.0,1.4105,8.3432,0.0,3.5129
20,Shallow,25.75757576,23.53375,90.7156389,6.92,6.56896425,-9.0,-6.915089299799998,0.0,720.0,29.0,0.2,6.73,336.72,45.7247,0.4073,0.1388,0.0,2.7582503,18.4045,91.2352,0.035309,0.09084828387951807,0.0,0.156305,78.89232,14.26,5.90608,22.36197,0.770983,34.30864,1372.145,0.394245,15.55905,33.28547567,0.293577,60.7168,0.0,0.6638,2.3976,0.0,4.7736
21,Shallow,90.90909091,23.51178,90.73318,7.13,6.56896425,-57.0,-6.915089299799998,0.0,850.0,29.8,0.0,5.76,278.16,139.2586,5.9103,0.0761,0.0,8.4409416,17.2389,102.655,0.110848,0.09084828387951807,0.0,0.258768,57.15969,4.64401,5.64917,20.24427,0.127934,92.06392,608.801,0.417096,11.31745,24.21142079,0.295198,23.9026,0.0,0.8751,5.6305,2.659,3.0866
22,Deep,227.2727273,23.5341,90.75359,7.58,6.56896425,-23.0,-6.915089299799998,0.0,658.0,31.1,0.2,3.37,263.52,86.0932,0.2775,0.0946,0.0,1.5227706,44.9401,2.6,0.120864,0.09084828387951807,0.0,0.0875306,35.19096,1.76126,6.6309,15.48529,0.0615703,78.12978,352.735,0.3069405,23.0355,49.27984515,0.1904955,41.7104,0.0,0.8017,8.5854,0.0,2.6782
23,Shallow,90.90909091,23.53733,90.81404,7.04,6.56896425,-6.0,-6.915089299799998,0.0,861.0,30.3,0.0,3.8,263.52,156.9472,0.4579,0.1338,0.0,0.0,17.5636,2.6,0.0662791,0.09084828387951807,0.0,0.103386,61.98026,0.602114,2.83354,22.14587,1.52626,103.4056,200.408,0.4213435,17.9403,38.37968379,0.2985235,22.4591,0.0,0.9841,2.2572,0.0,0.0
24,Shallow,60.60606061,23.50765,90.75583,7.65,6.56896425,-12.0,-6.915089299799998,0.0,493.0,29.5,1.0,7.79,248.88,13.837,0.3603,0.0526,0.0,4.8337016,19.4272,40.6573,0.0257842,0.09084828387951807,0.0,0.073802,45.35867,8.635675,7.63469,21.68905,0.161882,8.930285,2007.82,0.565362,21.2679,45.49841847,0.178661,77.394,0.0,0.9491,1.9043,0.0,3.4959
25,Shallow,24.24242424,23.51132,90.75465,6.96,6.56896425,-33.0,-6.915089299799998,0.0,561.0,29.4,0.0,5.18,263.52,38.0893,0.7297,2.3321,0.0,1.726322,15.2128,11.4004,0.0214059,0.09084828387951807,0.0,0.0694805,46.76935,8.448355,9.17499,26.05548,0.332535,23.85184,1948.01,1.2791,19.6045,41.93990685,0.114634,81.1227,3.5546,0.7782,1.7769,0.0,0.0
26,Shallow,90.90909091,23.4945,90.74243,6.97,6.56896425,-37.0,-6.915089299799998,0.0,483.0,30.7,0.0,3.98,234.24,32.31,0.2693,0.2548,0.0,0.0,20.9121,2.6,0.0541601,0.09084828387951807,0.0,0.0533567,28.51396,0.1127165,1.57544,10.37486,0.2752055,58.78015,126.9475,0.4712815,13.899,29.7341307,0.150307,24.5216,0.0,0.9458,2.6429,0.0,0.0
27,Deep,181.8181818,23.4956945,90.7183889,6.97,6.56896425,-3.0,-6.915089299799998,0.0,820.0,31.2,0.1,2.51,161.04,186.1412,1.1612,0.1162,0.0,0.0798746,17.6569,2.6,0.0480467,0.09084828387951807,0.0,0.133054,62.465,4.12965,3.57063,24.27383,0.152199,75.60623,183.717,0.612825,27.7864,59.44344552,0.313757,25.3269,0.0,1.1966,1.3602,0.0,0.0
28,Deep,227.2727273,23.502,90.7188056,6.92,6.56896425,-12.0,-6.915089299799998,0.0,729.0,30.9,0.2,3.25,234.24,130.0092,8.9,0.1559,0.0,0.9198462,30.7357,2.6,0.0667902,0.09084828387951807,0.0,0.1469715,61.68018,2.39386,8.36927,25.57285,0.1271115,55.26505,101.0735,0.426698,23.8961,51.12092673,0.3336465,33.7804,0.0,0.9489,2.625,0.0,0.0
29,Shallow,18.18181818,23.525722,90.7650278,6.24,6.56896425,-19.0,-6.915089299799998,0.0,875.0,29.8,0.1,11.24,424.56,91.805,22.3327,0.1123,1307.6,9.9778835,22.4613,233.071,0.1848705,0.09084828387951807,0.0,0.0586415,13.94735,1.096915,9.836998,20.51954,0.0323101,156.0842,4855.835,0.572256,15.2026,32.52292218,0.1284165,25.2505,0.0,1.2157,2.5797,0.0,0.0
30,Shallow,27.27272727,23.5255,90.78272,7.04,6.56896425,-23.0,-6.915089299799998,0.0,1790.0,30.1,0.3,13.85,673.44,316.9385,0.01961,0.0826,1402.0,16.1694533,24.7367,311.462,0.3628795,0.09084828387951807,0.0,0.0667263,22.91412,1.68383,15.22492,36.00184,0.0258128,428.852,5648.595,0.591222,13.35715,28.574951,0.2248565,18.0902,0.0,1.3098,4.1573,0.0,0.0
31,Shallow,81.81818182,23.53013,90.75191,6.5,6.56896425,14.0,-6.915089299799998,0.0,961.0,30.2,1.4,3.23,307.44,156.0912,0.3022,0.27,0.0,0.0,11.9601,2.6,0.0702625,0.09084828387951807,0.0,0.0998379,60.71221,1.071695,2.9002,21.17747,1.670815,101.5973,229.3125,0.866229,17.545,37.5340185,0.29418,39.4045,0.0,2.0817,3.1912,0.0,3.4541
32,Deep,181.8181818,23.53099,90.75333,6.75,6.56896425,-16.0,-6.915089299799998,0.0,1007.0,31.6,1.4,2.94,219.6,237.1276,0.2682,0.2974,0.0,0.4315805,22.7676,2.6,0.0855547,0.09084828387951807,0.0,0.2340665,94.44133,4.112945,8.40029,33.6864,0.1130455,75.2157,139.46,0.538109,21.11345,45.16800359,0.4310715,160.044,0.0,1.2163,4.3938,0.0,3.4426
33,Shallow,24.24242424,23.53733,90.75251,6.99,6.56896425,-59.0,-6.915089299799998,0.0,1397.0,29.7,0.2,12.64,688.08,144.9632,0.01649,0.1022,489.2,18.3479686,14.9466,315.0595,0.234314,0.09084828387951807,0.0,0.0760787,53.59297,3.35242,14.07542,55.52089,0.0491384,201.9394,3000.835,0.851636,14.9546,31.99237578,0.3513465,30.9064,0.0,1.7003,2.1017,0.0,4.1666
34,Shallow,75.75757576,23.49448,90.74239,6.61,6.56896425,-19.0,-6.915089299799998,0.0,546.0,30.9,0.8,2.28,248.88,33.2119,0.6173,0.3243,0.0,0.0,24.3731,2.6,0.0582986,0.09084828387951807,0.0,0.0745106,28.02117,0.3943865,1.71206,10.24529,0.263939,58.81763,139.767,0.6667485,13.88565,29.70557105,0.1496805,55.8586,0.0,1.4859,4.6809,0.0,0.0
35,Deep,212.1212121,23.48744,90.7477,7.31,6.56896425,-7.0,-6.915089299799998,0.0,632.0,32.9,2.0,5.55,248.88,77.095,0.4932,1.5233,0.0,0.4792476,22.1629,2.6,0.0645077,0.09084828387951807,0.0,0.0826139,28.12864,1.17051,6.16059,11.68183,0.2745905,82.80732,111.9385,1.19734,17.5462,37.53658566,0.1450275,485.7295,0.0,1.3096,1.2173,0.0,2.6051
36,Shallow,54.54545455,23.48736,90.74763,6.84,6.56896425,15.0,-6.915089299799998,0.0,619.0,31.1,0.6,2.54,278.16,54.5369,0.02621,0.1473,0.0,0.1056406,13.3584,2.6,0.0426268,0.09084828387951807,0.0,0.0788484,33.39539,0.40048,1.55897,12.04448,0.6642895,71.68848,79.1621,0.670296,12.42005,26.57021297,0.1819055,40.5526,0.0,1.5071,2.4509,0.0,0.0
37,Deep,219.6969697,23.50528,90.72028,6.48,6.56896425,22.0,-6.915089299799998,0.0,672.0,30.1,4.8,2.17,190.32,97.3086,0.01591,0.1687,0.0,0.3388229,10.3517,2.6,0.0339711,0.09084828387951807,0.0,0.12878,53.5512,2.49784,4.90174,20.63788,0.13473,39.56839,180.486,0.6657795,24.1714,51.70987602,0.2873005,32.3011,0.0,1.3549,2.6254,0.0,0.0
38,Shallow,22.72727273,23.50518,90.71992,6.95,6.56896425,-53.0,-6.915089299799998,0.0,1149.0,30.1,5.2,10.84,497.76,174.25,0.7092,0.4528,0.0,11.7389896,10.2319,578.876,0.0982934,0.09084828387951807,0.0,0.1485265,68.20716,6.178965,8.10218,20.07139,0.0802327,173.4305,3140.04,0.6789865,12.73735,27.24901286,0.228557,25.7287,0.0,1.4233,2.9973,5.3046,3.5402
39,Shallow,84.84848485,23.53941,90.71416,6.8,6.56896425,-43.0,-6.915089299799998,0.0,1089.0,31.4,4.8,2.02,263.52,229.4092,0.2662,0.0874,0.0,7.7671607,7.2279,29.1316,0.2635345,0.09084828387951807,0.0,0.205772,60.39004,8.048595,6.3336,21.10983,0.1325815,128.4364,672.2855,0.460292,17.4013,37.22660109,0.2952655,31.7208,0.0,1.0033,2.0061,0.0,0.0
40,Shallow,25.75757576,23.52644,90.71893,7.03,6.56896425,-41.0,-6.915089299799998,0.0,1026.0,31.6,5.0,3.56,248.88,215.6732,0.5822,0.3226,0.0,8.9085945,13.1121,19.1709,0.2596345,0.09084828387951807,0.0,0.199017,58.1692,6.702605,5.895,21.65687,0.1989535,118.5178,314.1415,0.946184,15.3933,32.93088669,0.289584,113.325,0.0,2.1453,2.3526,0.0,2.9806
41,Deep,248.4848485,23.5477,90.73378,6.88,6.56896425,-19.0,-6.915089299799998,0.0,1147.0,32.1,6.5,1.7,278.16,233.5056,0.4062,0.3014,0.0,0.5732935,8.6454,2.6,0.233678,0.09084828387951807,0.0,0.184228,58.28853,0.954694,7.43756,24.21719,0.0481491,165.3889,110.213,0.33248,19.5529,41.82951897,0.2801125,30.1661,0.0,0.7619,2.415,0.0,0.0
42,Shallow,86.8902439,23.48827,91.00803,6.8,6.56896425,-22.820161290322577,14.69897356,0.0,865.0,26.9,0.748225806451613,2.577,322.08,142.355,0.186,4.3,0.0,0.0,2.5397,2.6,0.0332397,0.09084828387951807,0.0,0.0167128,21.03,0.0024366,2.74,14.03,0.0014232,135.38669,8.0,0.3719234,13.76681,29.45133663,0.0485488,5.1432,0.0,0.0,2.2047,0.0,2.4878
43,Shallow,75.0,23.43791,90.906,6.6,6.56896425,-22.820161290322577,13.04474323,0.0,975.0,29.0,0.748225806451613,2.523,204.96,248.855,0.31,1.0,1640.9862,0.038597882,30.184,2.6,0.1787963,0.09084828387951807,0.0,0.0331719,9.46,0.5838616,3.66,1.56,0.0333242,222.6789,544.6547,0.1050235,16.19808,34.65255254,0.0265668,42.4568,0.0,0.5369,3.2292,0.0,0.0
44,Shallow,82.31707317,23.41641,90.90534,7.1,6.56896425,-22.820161290322577,12.22314066,0.0,860.0,28.5,0.748225806451613,3.068,190.32,195.605,0.372,4.2,1630.56724,3.741396568,3.3176,10.1006,0.1242913,0.09084828387951807,0.0,0.059576,14.72,0.0030644,11.89,6.28,0.0005634,173.4066,364.7711,0.2817236,12.55969,26.86894482,0.0567851,3.7848,0.0,0.8375,0.0,1.9214,0.0
45,Shallow,30.48780488,23.44384,90.92973,7.1,6.56896425,-22.820161290322577,-49.733772,0.0,2360.0,29.2,0.748225806451613,15.197,453.84,657.815,6.2,6.2,12564.65288,0.0,20.6719,265.0179,0.3658163,0.09084828387951807,0.0,0.067623,44.16,1.657557,27.45,39.59,0.0536494,473.6036,4177.867,0.3423989,14.36117,30.72285098,0.2387526,17.4637,0.0,1.3819,2.9728,0.0,5.0313
46,Shallow,41.15853659,23.4501,90.93681,6.7,6.56896425,-22.820161290322577,1.101906848,0.0,211.0,27.8,0.748225806451613,4.56,102.48,17.75,1.24,0.24,4240.21028,0.0,18.7577,73.5074,0.00285,0.09084828387951807,0.0,0.0846847,14.72,4.00268,6.4,15.43,0.1511785,7.921399,1442.837,0.2335709,15.21788,32.55561068,0.1053835,36.8986,0.0,0.0,3.8239,0.0,0.0
47,Shallow,85.06097561,23.3553,90.94737,7.1,6.56896425,-22.820161290322577,0.334447135,0.0,817.0,28.5,0.748225806451613,4.529,453.84,62.125,1.302,1.2,6044.83544,0.0,24.8259,166.7624,0.0988396,0.09084828387951807,0.0,0.0656083,58.87,3.682893,22.87,50.14,0.2056986,56.87599,2032.749,0.3225502,11.08856,23.72175641,0.2682754,146.0514,0.0,0.5828,5.2147,0.0,6.1024
48,Shallow,19.81707317,23.36534,90.95436,7.1,6.56896425,-22.820161290322577,-8.600683559,0.0,2150.0,28.6,0.748225806451613,6.981,490.44,493.45,2.046,6.2,6437.38508,0.00086296,25.7183,546.7805,0.2782025,0.09084828387951807,0.0,0.0626251,64.13,1.363816,22.87,58.53,0.4059573,360.6401,2159.649,0.400457,5.269214,11.27242951,0.4311157,52.55,0.0,0.8427,1.8359,4.3311,4.17
49,Shallow,27.43902439,23.36831,90.9388,7.0,6.56896425,-22.820161290322577,-15.66630406,0.0,766.0,29.2,0.748225806451613,4.085,417.24,62.125,2.666,1.15,7207.4688,0.0018032,16.8628,221.9941,0.1339014,0.09084828387951807,0.0,0.0583662,49.41,2.906193,22.87,52.25,0.0807643,41.70733,2408.72,0.0931807,12.86575,27.52369898,0.2885304,17.3197,0.0,0.5319,1.2362,0.0,4.0342
50,Shallow,79.26829268,23.38698,90.93124,7.2,6.56896425,-22.820161290322577,11.40520267,0.0,816.0,28.1,0.748225806451613,3.466,219.6,168.98,0.434,1.1,9244.37548,0.03183189,12.7825,51.9738,0.1425083,0.09084828387951807,0.0,0.0318962,13.67,0.1902374,4.12,2.1,0.0118172,183.8133,3132.025,0.0517623,9.594523,20.52556305,0.0259211,26.2968,0.0,0.537,1.0414,2.9696,0.0
51,Shallow,21.34146341,23.39845,90.9269,7.2,6.56896425,-22.820161290322577,-5.678213428,0.0,668.0,29.4,0.748225806451613,7.183,322.08,73.0,1.798,0.5,7039.84612,0.03344073,26.0518,286.2841,0.1517374,0.09084828387951807,0.0,0.028628,21.03,1.356303,11.44,33.55,0.0518749,82.36179,2376.434,0.3585883,10.27886,21.9895652,0.1676383,88.5191,0.0,0.497,2.1455,0.0,2.9254
52,Shallow,83.84146341,23.40297,90.93881,6.5,6.56896425,-22.820161290322577,16.36795657,0.0,612.0,29.6,0.748225806451613,1.784,146.4,155.49,0.062,1.22,655.7816,0.44052601,22.6195,2.6,0.0512576,0.09084828387951807,0.0,0.1060574,36.8,4.484612,5.03,14.79,0.2369128,73.32545,179.6547,0.0406331,19.93636,42.64985495,0.2130938,40.4823,0.0,0.0,1.5718,0.0,0.0
53,Shallow,85.06097561,23.40918,90.94635,6.7,6.56896425,-22.820161290322577,9.780288963,0.0,402.0,28.4,0.748225806451613,2.41,168.36,79.875,0.558,0.27,489.38468,0.0,17.059,2.6,0.0511265,0.09084828387951807,0.0,0.0841371,29.44,1.142676,4.12,10.74,0.0945359,51.11492,134.4411,0.0664254,21.63796,46.29008783,0.1559547,290.682,0.0,0.0,0.5947,0.0,0.0
54,Shallow,101.2195122,23.40135,90.92304,6.6,6.56896425,-22.820161290322577,13.87001824,0.0,688.0,28.1,0.748225806451613,3.184,183.0,146.615,0.248,4.05,1143.0212,0.033398742,28.1088,70.4999,0.1009578,0.09084828387951807,0.0,0.0566333,31.54,0.9117819,8.23,10.66,0.2605625,107.4938,308.2539,0.8895005,16.3446,34.96600278,0.1421066,163.6407,0.0,0.4828,1.5468,0.0,0.0
55,Shallow,82.31707317,23.40716,90.92225,6.6,6.56896425,-22.820161290322577,14.69897356,0.0,837.0,28.1,0.748225806451613,2.563,183.0,199.865,0.186,3.95,0.0,0.00074704,32.9029,2.6,0.0975631,0.09084828387951807,0.0,0.07788,21.03,2.629741,10.06,17.08,0.220188,141.646,307.0781,0.5421469,18.48161,39.53770827,0.123644,132.0986,0.0,0.7151,8.7356,0.0,7.611
56,Shallow,27.43902439,23.4371,91.04623,6.9,6.56896425,-22.820161290322577,15.53161705,0.0,532.0,26.5,0.748225806451613,3.229,258.16,62.125,0.124,12.45,3803.22684,0.0,23.1666,122.5011,0.0377202,0.09084828387951807,0.0,0.0397578,31.54,4.21749,11.89,38.74,0.3188861,16.09331,1266.832,0.0680618,12.83223,27.45198964,0.1867121,35.757,0.0,0.0,4.6449,0.0,7.8965
57,Shallow,22.86585366,23.4637,91.0351,7.0,6.56896425,-22.820161290322577,-13.58239834,0.0,979.0,26.8,0.748225806451613,3.208,336.72,151.23,2.48,4.25,3380.33964,0.036327396,28.254,281.2065,0.0762004,0.09084828387951807,0.0,0.0458986,58.87,3.525077,22.87,73.32,0.362852,32.21723,1112.154,1.746835,9.196615,19.67431847,0.3844861,37.1306,0.0,0.0,4.6026,0.0,6.606
58,Shallow,86.8902439,23.46285,91.02045,6.5,6.56896425,-22.820161290322577,6.574090424,0.0,1725.0,28.2,0.748225806451613,1.82,414.25,422.13,0.806,2.9,636.16944,0.301733964,15.1711,6.0993,0.1053064,0.09084828387951807,0.0,0.0580217,46.26,1.120074,3.66,11.74,0.2568024,250.56,242.1472,1.346254,8.648137,18.50095948,0.1218207,314.9714,0.0,0.5043,8.456,0.0,7.786
59,Shallow,21.34146341,23.4779,91.0048,7.1,6.56896425,-22.820161290322577,-14.28042026,0.0,846.0,27.2,0.748225806451613,5.669,387.96,142.355,2.542,1.1,12980.49196,0.091420952,13.651,226.0341,0.2559817,0.09084828387951807,0.0,0.0491949,16.82,1.305193,11.89,25.13,0.032796,164.6463,4268.237,0.1238466,13.56882,29.02777663,0.1452949,18.0585,0.0,0.5792,3.4747,0.0,3.0749
60,Shallow,80.79268293,23.48855,90.95615,6.7,6.56896425,-22.820161290322577,16.36795657,0.0,2100.0,28.0,0.748225806451613,2.467,190.32,622.315,0.062,23.7,465.17592,0.05640796,30.3019,2.6,0.1669124,0.09084828387951807,0.0,0.0562905,32.59,0.8960544,45.75,55.17,0.6016347,385.4209,119.2232,10.08324,12.59649,26.94767106,0.2374551,39.4879,0.0,0.9122,3.3821,0.0,4.4756
61,Shallow,30.48780488,23.49181,90.97609,7.1,6.56896425,-22.820161290322577,-16.35418165,0.0,610.0,27.6,0.748225806451613,6.332,307.44,26.625,2.728,0.45,7092.86024,0.053185126,20.9691,321.6198,0.1062294,0.09084828387951807,0.0,0.0578601,30.49,2.202592,18.3,39.38,0.0793299,38.7783,2333.594,0.187185,13.26639,28.38078813,0.2210972,15.7116,0.0,0.0,5.1281,0.0,4.1529
62,Shallow,22.86585366,23.49005,90.98838,6.9,6.56896425,-22.820161290322577,2.647497548,0.0,418.0,27.7,0.748225806451613,3.366,212.28,44.375,1.116,0.3,2799.63584,0.04017916,18.8845,200.622,0.0483093,0.09084828387951807,0.0,0.0402656,31.54,2.477169,36.6,23.49,0.0919505,9.953379,1837.672,0.1501897,13.0206,27.85496958,0.194685,22.2213,0.0,0.0,1.0423,0.0,2.8313
63,Shallow,30.48780488,23.48674,91.00695,7.4,6.56896425,-22.820161290322577,1.872921031,0.0,417.0,27.6,0.748225806451613,6.894,204.96,35.5,1.178,0.66,19626.86912,0.048488177,18.8631,230.4788,0.1755178,0.09084828387951807,0.0,0.0421901,14.72,0.9457004,6.86,3.84,0.0175167,71.6,6425.779,0.191814,12.37654,26.47713202,0.045745,18.5182,0.0,0.7434,2.2237,0.0,0.0
64,Shallow,21.34146341,23.46442,90.96912,7.0,6.56896425,-22.820161290322577,-4.938906341,0.0,361.0,27.2,0.748225806451613,4.661,161.04,35.5,1.736,0.42,6783.0494,0.0,19.7853,380.3092,0.0716873,0.09084828387951807,0.0,0.1270326,33.64,1.0493,10.52,10.0,0.0700398,28.24,2247.533,0.1587772,9.91183,21.20437792,0.1290877,27.9572,0.0,0.0,1.9042,0.0,3.1136
65,Shallow,27.43902439,23.4586,90.96954,6.9,6.56896425,-22.820161290322577,-38.93731917,0.0,2250.0,27.5,0.748225806451613,10.88,512.4,528.95,4.96,2.5,6707.35872,0.03352664,5.5666,301.6353,0.3624801,0.09084828387951807,0.0,0.0122838,42.05,0.0081028,27.45,46.97,0.0024926,432.6965,1977.592,0.391982,10.78539,23.07318483,0.3112466,1.5736,0.0,0.7304,0.9744,0.0,4.8799
66,Shallow,82.31707317,23.4488,90.98296,6.9,6.56896425,-22.820161290322577,8.169939187,0.0,811.0,28.0,0.748225806451613,4.213,248.88,133.48,0.682,2.7,5256.05888,0.0,22.6655,374.5468,0.0983635,0.09084828387951807,0.0,0.0380065,27.33,2.346045,18.3,36.42,0.5164075,84.85507,1768.664,0.2016967,9.496643,20.31616837,0.2293092,73.2081,0.0,0.0,2.1919,0.0,3.3278
67,Shallow,24.3902439,23.43532,90.95893,6.9,6.56896425,-22.820161290322577,-38.36565244,0.0,1837.0,27.5,0.748225806451613,10.49,431.88,422.095,4.898,2.3,9353.46812,0.140544886,22.2918,340.3117,0.3505603,0.09084828387951807,0.0,0.0533509,29.44,1.880136,32.02,46.12,0.0665618,331.245,3067.606,0.2337125,13.01146,27.83541638,0.2708548,10.8712,0.0,0.812,1.6544,0.0,3.6095
68,Shallow,23.7804878,23.41788,90.98266,6.8,6.56896425,-22.820161290322577,0.334447135,0.0,813.0,27.8,0.748225806451613,1.602,439.2,26.625,1.302,1.35,63.43308,0.0,1.8434,2.6,0.0083066,0.09084828387951807,0.0,0.0565651,34.69,0.0050743,18.3,63.65,0.0017382,17.21,8.0,0.099418,14.82,31.21,0.0039513,6.9041,0.0,0.0,0.0,0.0,0.0
69,Shallow,91.46341463,23.41858,90.94399,6.9,6.56896425,-22.820161290322577,-12.88097924,0.0,693.0,27.2,0.748225806451613,4.158,278.16,97.625,2.418,1.5,6460.36808,0.0,15.7316,165.4349,0.1010478,0.09084828387951807,0.0,0.0492762,25.23,1.866041,18.3,27.94,0.1524382,77.71452,2143.364,0.0865917,13.18936,28.21599785,0.1569935,121.2383,0.0,0.0,0.6894,0.0,2.9824
70,Shallow,91.46341463,23.45919,90.94664,6.8,6.56896425,-22.820161290322577,-44.4857422,0.0,538.0,27.3,0.748225806451613,1.587,146.4,124.605,5.58,6.65,491.22332,0.0,15.6896,2.6,0.0319977,0.09084828387951807,0.0,0.0718202,31.54,1.589834,4.57,14.95,0.16,64.40603,121.2084,1.942777,21.05995,45.05355104,0.1773753,51.9328,0.0,0.0,0.6502,0.0,0.0
71,Shallow,19.81707317,23.47056,90.93983,7.1,6.56896425,-22.820161290322577,-33.68040196,0.0,1073.0,27.3,0.748225806451613,7.416,351.36,186.73,4.402,2.2,11426.84116,0.049175969,14.2205,342.243,0.2268593,0.09084828387951807,0.0,0.0620687,18.92,1.073528,18.3,18.97,0.0645443,188.4364,3750.682,0.1792951,13.7729,29.46436497,0.1349226,27.5104,0.0,0.9605,33.7119,0.0,8.1139
72,Shallow,71.64634146,23.5025,90.9368,6.9,6.56896425,-22.820161290322577,7.370206111,0.0,1005.0,27.9,0.748225806451613,1.409,67.71,235.12,0.744,3.9,86.10964,0.081684058,16.9308,2.6,0.0380109,0.09084828387951807,0.0,0.0590698,31.54,0.834408,4.57,14.34,0.5656802,131.2928,26.7287,0.1479662,10.68629,22.8611802,0.1200124,47.2582,0.0,0.0,6.0444,0.0,6.0005
73,Shallow,114.3292683,23.48262,91.02436,7.1,6.56896425,-22.820161290322577,9.780288963,0.0,815.0,27.8,0.748225806451613,2.274,424.56,79.875,0.558,3.2,963.14092,0.0018032,13.8137,2.6,0.223062,0.09084828387951807,0.0,0.0492042,21.03,0.2645338,3.2,6.71,0.2935408,194.4303,247.2942,1.543737,13.45063,28.77493276,0.0630106,207.5401,0.0,0.0,3.918,0.0,7.3276
74,Shallow,22.86585366,23.48596,90.90293,7.0,6.56896425,-22.820161290322577,-66.26098212,0.0,2980.0,27.1,0.748225806451613,17.659,644.16,813.305,8.432,2.4,12526.04144,0.11183704,18.8918,249.835,0.4208477,0.09084828387951807,0.0,0.1234349,56.77,3.637394,27.45,66.67,0.1082592,591.5114,4061.281,0.4057801,14.20286,30.3841784,0.4197947,42.6764,0.0,1.1863,2.8308,0.0,7.4469
75,Shallow,26.2195122,23.47866,90.89435,7.2,6.56896425,-22.820161290322577,-69.45575774,0.0,3090.0,27.0,0.748225806451613,13.506,409.92,959.92,8.928,4.2,8395.84312,0.125585152,15.8473,535.2499,0.4341579,0.09084828387951807,0.0,0.0964651,50.48,5.450363,32.02,99.8,0.1280495,532.6148,2779.958,0.2991685,11.06518,23.67173957,0.5509774,19.6132,0.0,0.8754,1.4407,0.0,4.3144
76,Shallow,79.26829268,23.45462,90.89451,7.2,6.56896425,-22.820161290322577,14.69897356,0.0,1142.0,27.7,0.748225806451613,2.536,375.76,235.365,0.186,3.5,1724.03144,0.0,38.2787,12.5918,0.3121429,0.09084828387951807,0.0,0.0359637,12.62,0.4218704,5.49,3.29,0.0210994,131.8729,494.3598,0.0712159,7.096235,15.18097554,0.0185155,60.2445,0.0,0.0,0.9512,0.0,0.0
77,Shallow,27.27272727,23.50662,90.91072,6.97,6.56896425,-128.0,-6.915089299799998,0.0,1860.0,29.4,0.32,16.8,427.732,537.4155,36.81125,0.4305,589.0,0.0,102.231,460.7665,0.12451729210526315,0.387165022,0.0,0.0433568,34.53185,3.72503,13.0827,50.9301,0.06721325,439.792,3998.945,0.371159,15.606,33.3859158,0.4020335,73.78085,0.0,1.26091,3.49669,0.0,3.97125
78,Shallow,29.09090909,23.51257,90.90732,7.14,6.56896425,-141.0,-6.915089299799998,0.0,1920.0,29.9,0.16,19.59,411.14,563.19,46.8,0.779,1509.0,0.712623145,27.6089,542.4225,0.12451729210526315,0.351366035,0.0,0.03143,52.92015,0.9477105,13.90425,76.2041,0.0997521,383.098,1364.07,0.31537,14.9454,31.97269422,0.51024,11.0439,0.0,0.890173,2.15101,0.0,2.61688
79,Shallow,30.3030303,23.50394,90.93749,7.65,6.56896425,-116.0,-6.915089299799998,0.0,1740.0,29.7,0.27,4.82,304.268,580.9245,1.04675,22.547,0.0,19.39,176.9975,403.8175,0.12451729210526315,0.378442655,0.0,0.02948925,38.31235,2.81838,5.241715,36.9973,0.310044,425.62,2302.355,0.156491,14.3116,30.61680588,0.234077,33.7688,0.0,0.897422,4.47558,0.0,3.58527
80,Deep,257.5757576,23.56411,91.05645,6.25,6.56896425,-39.0,-6.915089299799998,0.0,4990.0,30.5,0.24,1.8,58.56,1358.65,3.5475,158.649,0.0,0.0,122.501,8.91648,0.12451729210526315,0.361999112,0.0,0.08706645,244.0335,9.27,13.19975,213.2385,0.8677845,399.53,273.6935,50.9783,23.4111,50.08336623,2.02919,62.6999,0.0,1.34614,5.25372,0.0,4.82826
81,Shallow,50.0,23.5639,91.05766,6.65,6.56896425,-134.0,-6.915089299799998,0.0,319.0,31.4,0.16,8.41,127.368,55.84,10.6495,3.7892,0.0,0.0,267.05,11.9841,0.12451729210526315,0.050827686,0.0,0.0539918,20.41275,5.50683,3.34954,12.3649,0.191579,34.7626,775.6395,0.517778,28.2966,60.53491638,0.1378905,512.6025,0.0,1.056805,4.79174,0.0,4.07492
82,Shallow,57.57575758,23.5624,91.05637,6.6,6.56896425,-134.0,-6.915089299799998,0.0,373.0,29.9,0.31,2.91,167.14,28.7194,9.0557,0.3133,45.9,0.0,218.9705,53.0687,0.12451729210526315,0.028877443,0.0,0.0336335,27.6803,10.3126,2.67566,24.0206,0.319462,15.6846,904.931,0.0830553,18.4223,39.41082639,0.2390655,29.55115,0.0,0.637011,2.23806,0.0,0.0
83,Shallow,27.27272727,23.56865,91.04143,6.41,6.56896425,-72.0,-6.915089299799998,0.0,780.0,29.1,0.91,3.46,134.444,143.3062,19.9853,0.6458,0.0,0.0,102.7123,69.4105,0.12451729210526315,0.131880752,0.0,0.0659833,16.11775,5.563045,3.57662,10.6967,0.07907505,111.018,684.991,0.0795485,19.9822,42.74792046,0.1419295,89.06345,0.0,0.757587,8.509495,0.0,4.87499
84,Shallow,90.90909091,23.56967,91.03861,6.87116129032258,6.39636,-109.0,-6.915089299799998,0.0,1041.0,29.5,0.18,4.68,304.024,128.419,24.62375,0.05,1222.0,0.0,125.315,107.205,0.12451729210526315,0.158580445,0.0,0.03124815,20.5317,2.73976,8.634285,29.5571,0.0889442,138.431,2888.325,0.148366,19.5838,41.89562334,0.1898855,77.39825,0.0,0.956854,3.44355,0.0,3.95871
85,Shallow,27.27272727,23.5846,91.03165,6.87116129032258,6.45444,-113.0,-6.915089299799998,0.0,588.0,29.3,0.37,3.05,269.376,26.5502,15.7038,0.3214,618.0,0.0,266.1335,197.035,0.12451729210526315,0.033160819,0.0,0.0244892,29.91855,3.922365,4.26246,32.0195,0.1598365,19.36,2025.385,0.146499,18.8483,40.32216819,0.1946965,93.76705,0.0,0.887185,3.82321,0.0,3.12899
86,Shallow,27.27272727,23.60098,90.9933,6.87116129032258,6.650617,-104.0,-6.915089299799998,0.0,453.0,29.4,0.51,4.13,212.036,17.2868,11.15985,0.5268,445.5,0.0,158.277,214.0945,0.12451729210526315,0.037925623,0.0,0.0273109,35.5149,3.64203,5.164675,19.53,0.1227665,23.4752,2284.775,0.108112,19.0885,40.83602805,0.2755515,50.698,0.0,0.819022,3.50082,0.0,3.73539
87,Shallow,24.24242424,23.62663,90.97089,7.12,6.56896425,-126.0,-6.915089299799998,0.0,973.0,29.4,0.19,4.78,354.288,82.024,21.6835,0.4615,3098.5,0.0,217.9005,280.286,0.12451729210526315,0.152589524,0.0,0.0183113,16.37175,1.487915,7.038455,27.0415,0.0670006,132.17,4313.175,0.167683,17.7754,38.02691322,0.1596825,70.63825,0.0,1.05658,4.328635,0.0,3.40173
88,Deep,212.1212121,23.6275,90.97053,6.37,6.56896425,-15.0,-6.915089299799998,0.0,2640.0,29.6,0.71,2.59,108.092,732.688,2.909,25.839,0.0,0.215558356,231.0615,15.2561,0.12451729210526315,0.332312276,0.0,0.1864415,92.31955,3.7407,5.315965,37.3415,0.361856,354.511,274.7855,9.251274,25.4316,54.40582188,0.6444475,345.3375,0.0,1.24212,4.37433,0.0,3.65113
89,Shallow,50.0,23.70165,91.04601,6.87116129032258,6.77444,-83.0,-6.915089299799998,0.0,759.0,28.8,0.34,3.38,314.516,68.563,10.6903,0.364,179.0,0.0,220.8735,112.29,0.12451729210526315,0.071846416,0.0,0.2685865,34.01835,1.738665,5.389135,44.1405,0.7776625,53.6204,845.0905,0.167125,10.4434,22.34156562,0.296403,82.6626,0.0,0.978027,4.17712,2.68558,4.52418
90,Shallow,27.27272727,23.6629,90.9964,7.32,6.56896425,-134.0,-6.915089299799998,0.0,1076.0,29.0,0.17,10.29,272.792,32.531,14.95175,1.158,1459.0,0.0,189.2745,199.2375,0.12451729210526315,0.102557066,0.0,0.03068945,17.43615,2.63828,4.827615,19.9144,0.1143875,82.292,3208.975,0.210922,17.4982,37.43389926,0.1415885,144.3595,0.0,0.975472,6.50473,0.0,5.61856
91,Deep,225.7575758,23.67105,91.01741,6.27,6.56896425,-25.0,-6.915089299799998,0.0,548.0,29.3,0.91,2.31,94.916,115.3822,2.7528,3.4414,0.0,0.732037826,574.003,17.00115,0.12451729210526315,0.051372889,0.0,0.07156175,41.8147,1.805045,3.06388,16.8984,0.3214555,35.2443,223.2635,1.25217,26.9465,57.64664745,0.2889025,603.602,0.0,1.54478,7.334765,0.0,3.710085
92,Shallow,19.6969697,23.68879,91.03846,7.17,6.56896425,-10.0,-6.915089299799998,0.0,551.0,29.1,0.27,9.97,267.668,18.3122,12.1353,0.7024,457.4,0.0,218.055,117.241,0.12451729210526315,0.02710522,0.0,0.05183315,28.3109,4.055875,21.8091,31.5258,0.122719,14.1705,2207.005,0.23649,18.7738,40.16279034,0.2813295,135.2245,0.0,0.829142,10.43465,0.0,3.10447
93,Deep,193.9393939,23.66851,91.03066,6.46,6.56896425,-21.0,-6.915089299799998,0.0,1076.0,28.9,0.33,1.46,121.024,267.552,1.84025,3.466,0.0,0.162725173,119.8745,2.6,0.12451729210526315,0.121516167,0.0,0.12711,63.56675,5.712695,3.04334,23.5978,0.309828,100.706,319.3985,1.05075,29.4463,62.99446959,0.409966,100.1665,0.0,0.638562,4.25121,0.0,3.06706
94,Shallow,43.93939394,23.67759,91.03634,7.54,6.56896425,-126.0,-6.915089299799998,0.0,661.0,29.1,0.21,3.08,355.996,18.3844,17.2401,0.4858,1191.6,0.628883645,230.6985,330.052,0.12451729210526315,0.112853672,0.0,0.0882301,14.5557,1.815675,6.49331,28.8614,0.4490015,92.222,2301.01,0.119918,7.2192,15.44403456,0.1725025,92.21055,0.0,0.99481,10.9139,2.37465,5.24939
95,Shallow,46.96969697,23.65418,91.04388,7.19,6.56896425,-23.0,-6.915089299799998,0.0,1337.0,28.6,0.13,2.42,412.36,215.851,9.14475,0.2865,0.0,0.127179688,186.887,6.6872,0.12451729210526315,0.211443119,0.0,0.09842305,31.77905,0.373493,4.08389,37.9495,1.39348,196.687,314.694,0.109782,10.5695,22.61133135,0.279469,92.7534,0.0,0.766743,3.94276,0.0,3.34768
96,Shallow,33.33333333,23.65415,90.97332,7.29,6.56896425,-112.0,-6.915089299799998,0.0,459.0,29.0,0.22,4.59,208.132,49.8711,15.64025,2.2047,1593.6,0.0,181.1685,367.5355,0.12451729210526315,0.035622922,0.0,0.0229342,22.54605,2.321825,5.419865,30.9972,0.09099725,21.4829,3136.38,0.184313,17.1338,36.65433834,0.1765865,81.601,0.0,0.703014,3.97433,0.0,3.32954
97,Shallow,27.27272727,23.60118,90.9805,7.25,6.56896425,-119.0,-6.915089299799998,0.0,497.0,28.8,0.53,9.12,194.224,34.9745,22.50555,2.851,730.2,0.0,165.4835,233.403,0.12451729210526315,0.036793898,0.0,0.03229885,25.5016,3.94171,5.37422,31.2974,0.1507775,22.4952,2643.585,0.15682,20.602,44.0738586,0.200296,55.81415,0.0,0.850481,12.03045,0.0,5.30503
98,Shallow,33.33333333,23.50476,91.00857,7.22,6.56896425,-111.0,-6.915089299799998,0.0,982.0,26.4,0.57,4.38,308.904,152.793,18.0225,0.337,408.5,0.0,217.979,259.886,0.12451729210526315,0.151357024,0.0,0.03080455,30.12375,3.80159,7.328015,36.9928,0.107677,130.89,2211.97,0.202357,15.4143,32.97581199,0.2347725,115.426,0.0,0.907241,4.37469,0.0,2.92092
99,Shallow,33.33333333,23.51932,91.01157,6.66,6.56896425,-17.0,-6.915089299799998,0.0,1286.0,26.8,0.91,12.74,251.564,318.6375,2.006,1.3005,0.0,3.16896034,229.217,10.6085,0.12451729210526315,0.215994916,0.0,0.2276375,44.4587,4.41139,5.195025,22.7498,1.585195,201.974,196.5925,0.609399,17.689,37.8420777,0.291851,97.74895,0.0,1.54018,6.446265,0.0,9.56175
100,Deep,212.1212121,23.5358,91.00585,6.33,6.56896425,21.0,-6.915089299799998,0.0,1286.0,27.4,1.33,2.73,87.108,360.4115,0.91,24.766,0.0,0.052507243,238.3575,6.48714,0.12451729210526315,0.168650237,0.0,0.1497315,69.4156,7.648455,3.82805,31.1903,0.6324315,149.104,84.27895,9.219665,28.7512,61.50744216,0.437487,786.4615,0.0,0.948307,5.71049,0.0,3.61642
101,Shallow,34.84848485,23.55225,90.98376,7.3,6.56896425,-94.0,-6.915089299799998,0.0,552.0,26.4,0.51,9.71,224.724,44.89,29.1938,2.4064,1598.4,0.0,451.9695,353.397,0.12451729210526315,0.063138364,0.0,0.0450367,27.00595,2.04902,5.32217,31.3198,0.1148635,45.7352,2917.3,0.663896,17.9313,38.36043009,0.200858,135.487,0.0,1.52831,9.161116,0.0,4.92101
102,Shallow,81.81818182,23.69061,90.984,7.15,6.56896425,-46.0,-6.915089299799998,0.0,500.0,27.4,0.13,3.53,182.024,54.2044,8.2201,0.5562,439.8,0.0,167.081,47.40445,0.12451729210526315,0.099757235,0.0,0.0224335,11.33035,0.9487855,2.92311,8.98835,0.0306402,79.6202,935.8,0.0826307,20.7127,44.31067911,0.09024195,70.44085,0.0,0.781929,2.694655,0.0,2.68886
103,Shallow,27.27272727,23.69063,90.98399,7.08,6.56896425,-81.0,-6.915089299799998,0.0,360.0,26.8,0.44,3.99,161.04,22.2583,3.38855,0.2452,178.4,0.0,169.085,207.916,0.12451729210526315,0.020299631,0.0,0.01855635,22.0923,3.407675,3.48196,23.6679,0.1703265,8.39146,2112.06,0.141446,20.7809,44.45657937,0.1650265,104.6535,0.0,0.913154,4.42545,0.0,8.92573
104,Shallow,27.87878788,23.7654,90.99466,7.23,6.56896425,-121.0,-6.915089299799998,0.0,721.0,26.4,0.16,10.69,348.92,16.939,28.0221,0.3428,1008.6,0.0,221.773,429.5985,0.12451729210526315,0.063370106,0.0,0.0347278,39.4231,3.36475,7.50019,42.12,0.08805335,45.9437,2863.75,0.243157,20.5646,43.99384878,0.321003,100.4214,0.0,1.03436,4.768055,0.0,5.44298
105,Shallow,54.54545455,23.78527,90.99357,7.23,6.56896425,-124.0,-6.915089299799998,0.0,537.0,26.4,0.1,8.11,274.988,9.5227,23.9822,0.3299,284.0,0.0,186.284,413.8715,0.12451729210526315,0.044324697,0.0,0.05569475,37.59685,5.0141,6.55775,24.9,0.111632,29.0468,2312.56,0.216612,17.3307,37.07556651,0.2500615,77.42195,0.0,1.27602,6.05112,0.0,5.1842
106,Shallow,40.90909091,23.7518,90.97396,7.14,6.56896425,-120.0,-6.915089299799998,0.0,688.0,26.4,0.17,21.7,381.616,9.644,22.201,1.2514,174.0,2.3807784,193.1275,438.9375,0.12451729210526315,0.040737413,0.0,0.0507718,51.8442,6.01996,6.299415,47.0121,0.12941,25.917,2356.44,0.349745,17.4845,37.40459085,0.37984,203.9555,0.0,0.946255,4.988245,0.0,6.96749
107,Deep,196.969697,23.75397,90.95694,7.25,6.56896425,-35.0,-6.915089299799998,0.0,961.0,26.6,0.43,3.22,578.524,48.3115,6.87825,9.727,0.0,0.0,311.025,12.1717,0.12451729210526315,0.264724209,0.0,0.0228692,5.46074,0.83211,2.97588,2.072995,0.0315631,261.584,447.656,2.340815,23.76,50.829768,0.031394,156.9175,0.0,1.51375,8.287755,0.0,3.959565
108,Shallow,27.87878788,23.76391,90.91835,7.29,6.56896425,-117.0,-6.915089299799998,0.0,547.0,26.4,0.17,10.21,244.732,16.4374,24.3247,0.448,1867.8,0.025297059,542.9005,405.273,0.12451729210526315,0.033788743,0.0,0.03127895,31.9304,2.966485,5.90779,33.26,0.103837,19.9007,3578.435,0.332098,18.6811,39.96447723,0.229906,85.46685,0.0,1.50578,5.9114,0.0,4.98119
109,Shallow,28.78787879,23.76391,90.91837,7.51,6.56896425,-96.0,-6.915089299799998,0.0,652.0,26.7,0.12,8.63,268.4,34.8804,31.8164,0.713,1746.4,0.223301039,471.08,282.8,0.12451729210526315,0.068633018,0.0,0.04538215,30.5235,3.21866,6.202045,35.1019,0.0771305,50.6985,3690.5,0.216414,21.0372,45.00488196,0.2447415,86.31325,0.0,1.66587,9.074135,0.0,3.58353
110,Shallow,21.21212121,23.76391,90.91837,7.66,6.56896425,-113.0,-6.915089299799998,0.0,665.0,26.6,0.18,10.45,300.852,25.2422,34.6593,1.6754,1240.8,0.252339321,437.071,483.653,0.12451729210526315,0.074812301,0.0,0.0287674,23.8373,3.28696,6.769195,35.5153,0.08574755,56.33,3039.565,0.207296,14.428,30.8658204,0.199423,118.601,0.0,1.61449,17.4546,0.0,5.58639
111,Shallow,33.33333333,23.62555,91.04642,7.13,6.56896425,-98.0,-6.915089299799998,0.0,522.0,26.1,0.22,5.38,258.88,17.5819,17.56585,0.504,110.0,0.0,259.208,333.5855,0.12451729210526315,0.033331705,0.0,0.0308967,32.8641,5.543595,5.613885,37.3952,0.128217,19.5071,2094.43,0.128707,16.9027,36.15994611,0.242043,73.1868,0.0,1.1237,10.6411,0.0,4.33902
112,Shallow,36.36363636,23.68381,90.91388,7.41,6.56896425,-125.0,-6.915089299799998,0.0,1398.0,26.6,0.31,14.32,415.776,273.005,49.1,1.5635,2352.0,0.085031665,113.765,676.811,0.12451729210526315,0.23403635,0.0,0.0749018,31.0886,7.190865,10.3381,47.4453,0.0726457,223.387,5841.455,0.334436,17.1073,36.59764689,0.3480805,65.93555,0.0,1.2803,3.8124,0.0,4.35326
113,Shallow,21.21212121,23.62755,90.93126,7.54,6.56896425,-102.0,-6.915089299799998,0.0,1606.0,28.0,0.24,19.75,479.216,306.078,41.63475,1.493,3782.0,0.022860884,144.932,468.194,0.12451729210526315,0.308921543,0.0,0.0292578,23.28875,3.00289,9.551905,39.3848,0.05673165,320.894,6023.93,0.372635,19.3721,41.44273353,0.2560815,39.91965,0.0,1.818,3.79216,0.0,2.8977
114,Shallow,28.78787879,23.62755,90.93126,7.27,6.56896425,-108.0,-6.915089299799998,0.0,820.0,27.0,0.19,5.06,306.952,92.377,28.49125,0.944,634.5,0.0,204.751,360.403,0.12451729210526315,0.046084398,0.0,0.04582055,36.7499,3.839325,7.68345,67.34,0.127524,30.5881,2771.7,0.166782,18.554,39.6925722,0.3905515,84.40385,0.0,1.06143,4.30654,0.0,3.35205
115,Shallow,22.72727273,23.62625,90.90742,7.13,6.56896425,-103.0,-6.915089299799998,0.0,604.0,27.4,0.47,6.05,281.332,37.1996,11.7208,1.5758,0.0,0.0,394.5105,277.6655,0.12451729210526315,0.039498292,0.0,0.03024285,38.03915,8.445225,5.45944,39.7132,0.2327505,24.8397,1851.955,0.264437,21.1461,45.23785173,0.288367,100.8987,0.0,1.66585,5.27891,0.0,7.57484
116,Shallow,21.21212121,23.56402,90.90982,7.28,6.56896425,-100.0,-6.915089299799998,0.0,1103.0,26.4,0.21,10.78,472.384,166.68,1.6995,2.343,1830.0,18.6507191,274.927,496.2765,0.12451729210526315,0.165783305,0.0,0.0198536,31.52225,0.2787415,8.47629,43.6531,0.04873865,146.046,2819.18,0.236721,16.6602,35.64116586,0.281859,93.25245,0.0,1.238625,5.562,0.0,4.23242
117,Shallow,21.21212121,23.55888,90.87765,7.31,6.56896425,-114.0,-6.915089299799998,0.0,2220.0,28.0,0.18,11.93,716.384,474.186,1.665,0.01,2667.0,17.9279828,268.7405,446.5795,0.12451729210526315,0.451513958,0.0,0.0126262,14.759,0.323817,9.53867,23.8101,0.03469255,550.951,4276.77,0.257901,12.91015,27.6186839,0.167548,55.237,0.0,1.79428,4.90019,0.0,2.65922
118,Shallow,63.63636364,23.48338,91.05969,6.6,6.56896425,64.5,-6.915089299799998,0.0,280.0,25.9,0.0,4.02,144.204,13.8444,0.0,0.01,0.0,0.065860473,14.2182,2.6,0.12451729210526315,0.039517058,0.0,0.00795325,21.1512,0.636565,1.22538,9.26069,0.847177,24.856,192.848,0.0585535,25.2978,54.11958354,0.1567,12.46745,0.0,0.0,0.666212,0.0,0.0
119,Shallow,54.54545455,23.49683,91.06151,6.72,6.56896425,41.9,-6.915089299799998,0.0,638.0,26.3,0.05,2.26,209.108,84.7995,1.2433,0.0503,0.0,0.359512998,12.1526,2.6,0.12451729210526315,0.091621878,0.0,0.02183215,31.86165,0.230461,2.16616,16.2158,2.242515,71.9241,194.883,0.0849287,19.6494,42.03596142,0.256579,10.86465,0.0,0.0,0.628455,0.0,0.0
120,Shallow,96.96969697,23.49919,91.06857,6.88,6.56896425,46.1,-6.915089299799998,0.0,702.0,26.2,2.0,1.31,200.08,95.6732,0.0,12.0956,0.0,0.136443853,15.2037,16.9427,0.12451729210526315,0.136988464,0.0,0.009008055,12.34495,0.8433465,1.73508,12.0842,0.2985695,116.166,290.923,4.224895,20.5164,43.89073452,0.1058835,6.66752,0.0,1.52899,0.612654,0.0,0.0
121,Shallow,36.36363636,23.50045,91.06044,6.62,6.56896425,54.6,-6.915089299799998,0.0,612.0,25.9,0.05,3.04,196.908,81.4155,1.053,0.0127,310.3,1.29667395,10.1264,2.6,0.12451729210526315,0.069143259,0.0,0.06901635,27.8168,0.08373095,4.05987,27.4148,3.62404,51.1615,476.5215,0.104286,20.0254,42.84033822,0.2505805,10.7115,0.0,0.0,0.547829,0.0,7.18916
122,Shallow,114.5454545,23.58729,91.16384,6.42,6.56896425,125.7,-6.915089299799998,0.0,178.0,26.2,1.0,0.6,101.26,1.64,0.0,2.2218,0.0,0.0,7.5263,2.6,0.12451729210526315,0.030638542,0.0,0.008724725,13.16705,0.441185,1.06748,5.53614,0.172257,17.193,65.9169,0.854733,25.0056,53.49448008,0.09120995,7.52793,0.0,0.491978,0.0,0.0,0.0
123,Shallow,29.09090909,23.58173,91.16961,6.3,6.56896425,94.7,-6.915089299799998,0.0,157.6,26.1,0.0,0.62,81.74,1.5384,0.0,0.0852,0.0,0.0,7.25384,2.6,0.12451729210526315,0.02603769,0.0,0.0484188,11.1516,2.96201,1.09222,4.81418,0.50766,13.2603,172.3585,0.119133,25.5083,54.56990619,0.08189485,16.30145,0.0,0.680298,0.0,0.0,0.0
124,Shallow,75.75757576,23.58436,91.16827,6.26,6.56896425,68.7,-6.915089299799998,0.0,146.4,26.7,0.2,0.55,83.692,1.33,0.0,0.9189,0.0,0.0,8.54038,2.6,0.12451729210526315,0.027229554,0.0,0.01162365,10.69595,0.06756375,1.04874,4.71351,0.0901353,14.2766,90.78,0.397852,26.1828,56.01286404,0.0762311,119.654,0.0,0.774487,0.0,0.0,0.0
125,Shallow,19.6969697,23.57156,91.17129,6.38,6.56896425,55.6,-6.915089299799998,0.0,616.0,25.9,0.8,1.42,183.972,84.0695,0.8175,8.73,0.0,0.0,17.4473,2.6,0.12451729210526315,0.049212931,0.0,0.2675585,56.23255,0.3470675,1.58132,23.0583,0.9203245,33.3382,199.5925,6.488805,24.0877,51.53081661,0.474433,11.761,0.0,6.029875,0.355441,0.0,4.48454
126,Shallow,29.09090909,23.57693,91.16265,6.64,6.56896425,59.5,-6.915089299799998,0.0,211.0,26.0,0.3,0.75,104.92,8.5562,0.0,2.0936,0.0,0.0,9.22013,2.6,0.12451729210526315,0.028372018,0.0,0.01862,19.58795,0.343392,1.32474,6.46289,0.0203889,15.2524,243.4135,0.833878,20.8438,44.59114134,0.1693645,12.3015,0.0,4.54704,0.376391,0.0,0.0
127,Deep,174.2424242,23.57197,91.17178,6.2,6.56896425,69.9,-6.915089299799998,0.0,169.0,26.3,0.2,0.86,83.936,1.91,0.0,0.31,0.0,0.0,9.71595,2.6,0.12451729210526315,0.024660246,0.0,0.01208915,11.25005,6.41925,1.16368,5.16078,0.5591085,12.0879,108.4565,0.19312,28.8984,61.82234712,0.08301855,164.3145,0.0,1.85309,0.0,0.0,3.771315
128,Deep,181.8181818,23.56047,91.17329,6.29,6.56896425,58.6,-6.915089299799998,0.0,171.9,26.2,1.0,0.78,91.744,1.37,0.0,0.7984,0.0,0.0,22.38335,2.6,0.12451729210526315,0.024833103,0.0,0.01898025,13.81625,5.137175,1.4648,4.56328,0.432483,12.2349,113.639,0.388603,34.3401,73.46377593,0.1128465,63.03865,0.0,26.57745,0.785668,0.0,0.0
129,Shallow,80.3030303,23.55915,91.17377,6.37,6.56896425,72.3,-6.915089299799998,0.0,182.7,26.4,1.0,0.81,106.628,1.62,0.0,0.557,0.0,0.0,9.58747,2.6,0.12451729210526315,0.026659616,0.0,0.0375139,13.15305,0.06311805,1.36112,8.73873,0.1304335,13.7904,158.561,0.270105,30.3616,64.95257088,0.08928875,163.7865,0.0,4.15752,0.0,0.0,0.0
130,Deep,221.2121212,23.49187,91.15001,6.75,6.56896425,27.9,-6.915089299799998,0.0,193.5,25.8,0.2,0.85,106.384,1.4645,0.0,1.3752,0.0,0.0,10.9946,2.6,0.12451729210526315,0.026379518,0.0,0.0460999,15.64325,2.14291,1.45373,7.4562,0.123511,13.5516,134.393,0.579645,28.4287,60.81751791,0.110452,25.5641,0.0,4.559875,0.620289,0.0,0.0
131,Shallow,45.45454545,23.5052,91.14239,7.26,6.56896425,31.7,-6.915089299799998,0.0,264.0,25.7,0.6,0.63,155.428,1.452,0.0,0.7172,1322.5,0.0,18.2532,9.02857,0.12451729210526315,0.082893307,0.0,0.006169805,0.297854,0.0497358,0.531785,0.437297,0.0239381,63.7758,1538.79,0.3051805,16.2447,34.75228671,0.003497615,34.9664,0.0,2.55939,0.0,0.0,0.0
132,Shallow,36.36363636,23.52878,91.13576,7.13,6.56896425,31.2,-6.915089299799998,0.0,343.0,26.1,0.2,0.76,206.912,2.7553,0.0,0.6451,488.2,0.0,8.97201,2.6,0.12451729210526315,0.102899502,0.0,0.01780225,0.6613145,0.1187715,0.939114,1.276055,0.075703,82.6196,648.899,0.2483015,15.56,33.287508,0.01013254,14.1909,0.0,3.18073,0.680057,0.0,0.0
133,Deep,192.4242424,23.5125,91.14124,6.68,6.56896425,45.1,-6.915089299799998,0.0,201.0,26.6,2.0,1.24,113.948,2.0225,0.0,2.4164,0.0,0.0,18.0533,2.6,0.12451729210526315,0.030621284,0.0,0.04011595,15.76225,0.7510995,1.7556,6.46428,0.1697435,17.1782,117.414,0.912824,30.7036,65.68421148,0.1076535,334.3075,0.0,11.69235,0.936891,0.0,0.0
134,Shallow,51.51515152,23.56467,91.12443,7.05,6.56896425,39.6,-6.915089299799998,0.0,389.0,26.1,0.6,0.71,197.39,18.7612,0.0,0.3707,161.7,0.0,13.2173,2.6,0.12451729210526315,0.103332191,0.0,0.008517245,5.30315,0.07517545,0.606575,3.16785,0.2098475,83.0338,262.8015,0.181783,18.4513,39.47286609,0.03619035,34.03885,0.0,3.118605,0.503377,0.0,0.0
135,Shallow,106.0606061,23.55672,91.11837,6.94,6.56896425,43.7,-6.915089299799998,0.0,296.0,25.8,2.0,0.85,177.388,1.8629,0.0,0.2864,0.0,0.0,9.8343,5.860755,0.12451729210526315,0.070930708,0.0,0.01939225,8.743675,0.8611715,1.29389,5.26064,0.138699,52.7863,316.7225,0.167382,23.0418,49.29332274,0.0606401,8.64553,0.0,3.261595,0.531883,0.0,0.0
136,Shallow,40.90909091,23.49951,91.10476,6.13,6.56896425,63.9,-6.915089299799998,0.0,156.4,26.2,0.3,0.73,81.496,4.4477,0.0,0.6575,0.0,0.0,11.9405,2.6,0.12451729210526315,0.0259817,0.0,0.01321705,14.3223,0.565258,1.2327,3.353905,0.00578594,13.2126,83.7306,0.301311,25.919,55.4485167,0.1435555,18.675,0.0,7.84166,0.355634,0.0,0.0
137,Shallow,39.39393939,23.53347,91.0618,6.79,6.56896425,32.9,-6.915089299799998,0.0,312.0,26.4,0.6,0.62,152.012,20.7067,0.0,3.1973,517.8,0.0,11.0193,7.225775,0.12451729210526315,0.087698539,0.0,0.002770945,2.93994,0.1154415,0.496992,0.9719645,0.328742,68.2478,712.269,1.13821,21.9491,46.95570963,0.01925575,10.75815,0.0,3.95075,0.626642,0.0,0.0
138,Shallow,21.21212121,23.52598,91.06241,7.14,6.56896425,-49.2,-6.915089299799998,0.0,504.0,25.3,0.5,2.3,231.556,33.9337,0.0,0.01,0.0,2.56227833,12.9125,218.3465,0.12451729210526315,0.038175162,0.0,0.01093235,20.5887,5.58339,5.89858,35.4292,0.2846805,23.6915,1315.005,0.0550958,14.7368,31.52643624,0.1928635,42.8181,0.0,3.81808,0.44716,0.0,0.0
139,Shallow,22.72727273,23.47222222,91.10916667,6.17,6.56896425,18.5,-6.915089299799998,0.0,202.0,26.2,0.5,0.74,82.716,18.4731,0.0,0.2721,0.0,0.0,8.98787,2.6,0.12451729210526315,0.024242156,0.0,0.02074525,20.1282,1.411745,1.56075,5.46881,0.0110535,11.7325,105.452,0.174876,23.6379,50.56855947,0.228473,15.0449,0.0,2.545675,0.0,0.0,7.970975
140,Shallow,27.27272727,23.45901,91.09338,6.66,6.56896425,10.6,-6.915089299799998,0.0,289.0,26.2,0.2,2.02,173.484,2.5618,0.0,0.01,259.9,0.917501494,19.1763,11.4948,0.12451729210526315,0.020940678,0.0,0.05067565,19.4389,0.509963,1.61267,21.8168,3.516055,8.93344,502.136,0.077954,17.7593,37.99247049,0.173855,9.705485,0.0,42.8275,1.293,0.0,5.83249
141,Shallow,83.33333333,23.48114,91.14662,6.77,6.56896425,23.7,-6.915089299799998,0.0,230.0,25.8,1.0,0.83,143.228,1.161,0.0,0.01,0.0,0.0,18.1557,2.6,0.12451729210526315,0.029808165,0.0,0.0212324,17.51745,1.272825,1.25797,9.93319,0.8519155,16.4813,107.4765,0.0560636,25.0056,53.49448008,0.119874,34.5012,0.0,25.8688,1.06978,0.0,0.0
142,Deep,219.6969697,23.46903,91.14375,6.57,6.56896425,32.1,-6.915089299799998,0.0,214.0,26.0,1.0,0.87,117.364,3.8104,0.0,5.1048,0.0,0.0,13.8224,2.6,0.12451729210526315,0.027927688,0.0,0.0368834,16.14875,3.592095,1.50436,7.5495,0.3580715,14.8727,187.2495,1.926395,32.9673,70.52694489,0.1092645,36.9869,0.0,10.1913,0.456941,0.0,0.0
143,Shallow,42.42424242,23.47671,91.20795,6.54,6.56896425,35.4,-6.915089299799998,0.0,189.8,25.8,0.2,1.04,123.708,1.2708,0.0,0.3079,0.0,0.0,17.0255,2.6,0.12451729210526315,0.033072048,0.0,0.03309285,14.1818,0.232354,1.66895,4.63509,0.151162,19.2836,103.9448,0.185186,14.1289,30.22595577,0.124872,12.4116,0.0,17.14715,0.702561,0.0,0.0
144,Shallow,48.48484848,23.46583333,91.19472222,6.36,6.56896425,37.6,-6.915089299799998,0.0,579.0,26.6,0.4,1.47,232.044,61.0946,0.0,0.3058,0.0,0.0,16.0718,2.6,0.12451729210526315,0.052717546,0.0,0.13112,49.63595,0.375896,2.3665,21.4043,2.93733,36.434,107.466,0.180324,18.6322,39.85986546,0.3295675,57.53105,0.0,8.88328,0.555397,0.0,10.9565
145,Deep,196.969697,23.49833333,91.16194444,6.61,6.56896425,34.2,-6.915089299799998,0.0,206.0,26.4,0.8,1.2,111.508,1.7191,0.0,1.4697,0.0,0.0,15.014,2.6,0.12451729210526315,0.034665284,0.0,0.03128185,12.56165,3.76577,1.83436,5.18291,0.2702375,20.6563,141.902,0.565172,31.6909,67.79634237,0.08893135,106.185,0.0,10.15041,0.583786,0.0,0.0
146,Shallow,136.3636364,23.46694444,91.18027778,6.76,6.56896425,32.2,-6.915089299799998,0.0,200.0,27.5,0.8,1.18,110.044,2.0104,0.0,3.0064,0.0,0.0,20.4493,2.6,0.12451729210526315,0.028385121,0.0,0.0246303,15.72745,2.200225,1.78109,6.70714,0.208835,15.2636,230.074,1.10729,27.9286,59.74765398,0.1059085,21.0764,0.0,14.7969,0.8859,0.0,0.0
147,Shallow,93.93939394,23.43277778,91.1525,6.6,6.56896425,39.2,-6.915089299799998,0.0,175.4,25.8,0.2,0.81,88.816,1.7735,0.0,2.6341,0.0,0.0,17.7029,2.6,0.12451729210526315,0.026853789,0.0,0.0169207,11.3017,4.751665,1.10592,5.28216,0.613801,13.956,108.3805,0.970475,27.8435,59.56559955,0.07926735,7.3293,0.0,12.1117,1.06849,0.0,0.0
148,Shallow,42.42424242,23.43166667,91.1525,6.68,6.56896425,40.6,-6.915089299799998,0.0,188.6,25.8,0.5,1.14,106.628,2.0242,0.0,2.432,0.0,0.0,22.1132,2.6,0.12451729210526315,0.028388513,0.0,0.01680985,14.597,0.4956455,0.93318,6.87507,0.0223257,15.2665,200.7865,0.906641,26.8181,57.37196133,0.1116765,12.28425,0.0,18.1394,0.770587,0.0,0.0
149,Shallow,48.48484848,23.40916667,91.17333333,6.75,6.56896425,43.4,-6.915089299799998,0.0,175.8,26.3,0.5,0.91,103.456,1.1385,0.0,1.6286,0.0,0.0,18.1857,2.6,0.12451729210526315,0.026706523,0.0,0.01373595,9.23396,0.179062,0.546154,10.2513,0.250902,13.8304,124.222,0.608486,25.0094,53.50260942,0.075312,11.38955,0.0,14.2205,0.683647,0.0,0.0
150,Deep,181.8181818,23.38127,91.23437,6.75,6.56896425,16.1,-6.915089299799998,0.0,211.0,26.3,1.0,0.86,116.144,1.3768,0.0,1.412,0.0,0.0,9.12476,2.6,0.12451729210526315,0.029387291,0.0,0.03255505,15.51985,3.25869,1.37156,7.23518,0.2628765,16.1209,84.06565,0.55059,32.7889,70.14529377,0.1030065,24.0099,0.0,0.680501,0.75713,0.0,0.0
151,Shallow,81.81818182,23.39476,91.24833,6.54,6.56896425,26.7,-6.915089299799998,0.0,174.4,25.4,0.5,0.79,96.624,1.2458,0.0,0.3013,0.0,0.0,7.9677,2.6,0.12451729210526315,0.028213253,0.0,0.0168797,12.6244,2.61317,1.15635,4.86691,0.37698,15.1167,145.4695,0.148152,29.854,63.8666622,0.0894074,13.34675,0.0,1.00584,0.0,0.0,0.0
152,Shallow,30.3030303,23.38091,91.24049,6.74,6.56896425,14.9,-6.915089299799998,0.0,243.0,25.6,0.5,0.89,138.104,1.4158,0.0,0.863,0.0,0.0,9.93536,2.6,0.12451729210526315,0.030310919,0.0,0.0153098,20.0591,2.39829,1.39642,9.07554,0.30807,16.9121,207.4555,0.360988,28.2829,60.50560797,0.1109395,10.06221,0.0,1.00962,0.0,0.0,0.0
153,Deep,242.4242424,23.41349,91.2049,6.72,6.56896425,30.1,-6.915089299799998,0.0,209.0,26.9,1.0,0.98,105.66,1.8987,0.0,3.3058,0.0,0.0,10.3102,6.22949,0.12451729210526315,0.032047697,0.0,0.0416443,14.7753,2.42636,1.74523,5.64757,0.2553135,18.4027,244.284,1.23864,31.8774,68.19532182,0.126685,141.3415,0.0,1.45522,0.422211,0.0,0.0
154,Shallow,42.42424242,23.4178,91.19736,6.79,6.56896425,10.1,-6.915089299799998,0.0,208.0,26.5,0.5,0.85,101.748,1.8236,0.0,0.01,0.0,0.791969542,8.3344,2.6,0.12451729210526315,0.027275953,0.0,0.0379309,6.09145,8.968055,2.11655,10.2844,0.1556725,14.3162,1054.93,0.0371607,27.2406,58.27581558,0.072831,17.0418,0.0,0.785223,0.0,0.0,0.0
155,Shallow,60.60606061,23.40752,91.22819,6.7,6.56896425,14.3,-6.915089299799998,0.0,205.0,26.2,0.5,0.79,114.68,1.3364,0.0,0.3149,0.0,0.0,11.3676,2.6,0.12451729210526315,0.03071678,0.0,0.0132432,13.62505,2.207885,1.12152,7.11776,0.592388,17.2601,198.935,0.162012,26.7523,57.23119539,0.09409755,9.1297,0.0,1.113845,0.453914,0.0,0.0
156,Shallow,106.0606061,23.45752,91.20561,6.62,6.56896425,17.9,-6.915089299799998,0.0,250.0,26.4,0.5,1.06,140.3,3.699,0.0,0.01,0.0,0.0,8.31721,2.6,0.12451729210526315,0.035476802,0.0,0.0322841,18.48605,3.16779,2.04507,8.03679,0.2732335,21.3567,149.8945,0.018,26.7839,57.29879727,0.130796,15.95575,0.0,0.666507,1.99891,0.0,0.0
157,Deep,181.8181818,23.46641,91.221,6.6,6.56896425,24.8,-6.915089299799998,0.0,194.4,25.6,1.0,0.76,112.728,1.4,0.0,0.01,0.0,0.0,22.3143,2.6,0.12451729210526315,0.02855449,0.0,0.0405445,16.031,2.362235,1.76573,6.42425,0.30013,15.4084,96.30405,0.479821,33.3992,71.45090856,0.1291855,526.957,0.0,0.939129,4.85229,0.0,0.0
158,Deep,303.030303,23.40411,91.17146,6.83,6.56896425,21.2,-6.915089299799998,0.0,165.8,26.2,1.0,1.77,92.72,5.7352,1.0369,6.5885,0.0,1.106881594,372.993,2.6,0.12451729210526315,0.026386323,0.0,0.04312135,13.347,2.72783,3.79482,5.01999,0.2061945,13.5574,252.2685,2.075155,31.5629,67.52251197,0.0952067,116.7955,0.0,2.63501,6.36117,0.0,4.486605
159,Shallow,24.24242424,23.38428,91.15897,6.53,6.56896425,26.8,-6.915089299799998,0.0,189.5,25.9,0.5,1.08,118.34,5.3028,1.3731,3.0498,0.0,0.659648249,294.7105,2.6,0.12451729210526315,0.029508067,0.0,0.0379791,16.7762,0.605585,0.896223,6.029,0.849169,16.2243,283.5485,1.131,24.018,51.3817074,0.1029205,116.2655,0.0,1.35031,4.90032,0.0,3.11269
